{"count":1,"self":2295.5593728,"total":12823.415794699999,"children":{"AgentSendState":{"count":1534284,"self":191.1722112,"total":398.4533418,"children":{"CollectObservations":{"count":4909712,"self":52.9402944,"total":52.9402948,"children":null},"CollectDiscreteActionMasks":{"count":4909712,"self":17.1401392,"total":17.1401389,"children":null},"AgentInfo.ToProto":{"count":4909712,"self":61.451545599999996,"total":137.2007007,"children":{"GenerateSensorData":{"count":4909712,"self":75.749152,"total":75.7491538,"children":null}}}}},"DecideAction":{"count":1534284,"self":9764.548608,"total":9764.5483444,"children":null},"AgentAct":{"count":1534284,"self":350.5747968,"total":364.77891109999996,"children":{"AgentInfo.ToProto":{"count":308577,"self":6.2933568,"total":14.204124199999999,"children":{"GenerateSensorData":{"count":308577,"self":7.9107671999999996,"total":7.9107674999999995,"children":null}}}}}},"gauges":{"Drone.CumulativeReward":{"count":308577,"max":130.027786,"min":-0.04,"runningAverage":0.0228773672,"value":-0.0200000014,"weightedAverage":0.0104465708}},"metadata":{"timer_format_version":"0.1.0","start_time_seconds":"1600400458","unity_version":"2019.4.1f1","command_line_arguments":"C:\\Program Files\\Unity\\Hub\\Editor\\2019.4.1f1\\Editor\\Unity.exe -projectpath F:\/Unity Projects\/ML Agents try 1 -useHub -hubIPC -cloudEnvironment production -hubSessionId 19bd5760-f8f0-11ea-bbb9-29b6d830ef3d -accessToken 5kSaaVdyRCPIdh5f7kEGqJIDbuycsOXcLfJE4IRVV30002f","communication_protocol_version":"1.0.0","com.unity.ml-agents_version":"1.0.4","scene_name":"DroneSimulator1.0","end_time_seconds":"1600413244"}}